Artist,Day,Hour,Stage
%e2%80%a0%e2%80%a0%e2%80%a0-crosses,Dimanche 30 juin,19:45 - 20:45,VALLEY
1000mods,Vendredi 28 juin,19:35 - 20:35,VALLEY
311,Jeudi 27 juin,18:45 - 19:35,WARZONE
7-weeks,Vendredi 28 juin,11:05 - 11:35,MAINSTAGE 1
8-6-crew,Samedi 29 juin,16:50 - 17:40,WARZONE
accept,Samedi 29 juin,19:35 - 20:30,MAINSTAGE 2
alien-weaponry,Samedi 29 juin,12:15 - 12:45,MAINSTAGE 1
all-them-witches,Vendredi 28 juin,00:00 - 01:00,VALLEY
amorphis,Vendredi 28 juin,21:45 - 22:45,ALTAR
anaal-nathrakh,Samedi 29 juin,01:00 - 02:00,TEMPLE
ankor,Vendredi 28 juin,11:40 - 12:10,MAINSTAGE 2
anvil,Samedi 29 juin,13:35 - 14:15,MAINSTAGE 1
asinhell,Jeudi 27 juin,16:30 - 17:10,MAINSTAGE 1
avenged-sevenfold,Jeudi 27 juin,23:30 - 01:00,MAINSTAGE 1
babymetal,Jeudi 27 juin,20:25 - 21:15,MAINSTAGE 2
bad-omens,Jeudi 27 juin,22:25 - 23:25,MAINSTAGE 2
bad-situation,Dimanche 30 juin,10:30 - 11:00,MAINSTAGE 2
batushka,Dimanche 30 juin,18:40 - 19:40,TEMPLE
biohazard,Vendredi 28 juin,22:50 - 23:50,WARZONE
black-rainbows,Vendredi 28 juin,14:20 - 15:05,VALLEY
black-stone-cherry,Samedi 29 juin,15:10 - 15:55,MAINSTAGE 1
bleed-from-within,Jeudi 27 juin,17:15 - 17:55,MAINSTAGE 2
blockheads,Samedi 29 juin,11:40 - 12:10,ALTAR
body-count-ft-ice-t,Samedi 29 juin,01:00 - 02:00,WARZONE
brand-of-sacrifice,Dimanche 30 juin,12:50 - 13:30,ALTAR
bruce-dickinson,Samedi 29 juin,21:40 - 22:40,MAINSTAGE 2
brujeria,Jeudi 27 juin,19:40 - 20:40,ALTAR
brutus,Samedi 29 juin,16:00 - 16:45,VALLEY
caliban,Dimanche 30 juin,14:20 - 15:05,ALTAR
chelsea-wolfe,Samedi 29 juin,19:35 - 20:35,VALLEY
city-morgue,Dimanche 30 juin,17:45 - 18:35,VALLEY
clawfinger,Vendredi 28 juin,20:40 - 21:40,WARZONE
cock-sparrer,Dimanche 30 juin,23:00 - 00:00,WARZONE
corey-taylor,Dimanche 30 juin,18:20 - 19:20,MAINSTAGE 2
corvus-corax,Samedi 29 juin,18:40 - 19:30,TEMPLE
cosmic-psychos,Dimanche 30 juin,11:05 - 11:35,MAINSTAGE 1
cradle-of-filth,Vendredi 28 juin,01:05 - 02:05,TEMPLE
crystal-lake,Jeudi 27 juin,20:45 - 21:45,WARZONE
crystal-viper,Samedi 29 juin,10:30 - 11:00,MAINSTAGE 2
dark-tranquillity,Jeudi 27 juin,21:50 - 22:50,ALTAR
darken,Samedi 29 juin,11:05 - 11:35,MAINSTAGE 1
deficiency,Dimanche 30 juin,10:30 - 11:00,ALTAR
destinity,Dimanche 30 juin,11:40 - 12:10,ALTAR
didier-wampas-psycho-attacks,Samedi 29 juin,18:40 - 19:30,WARZONE
dimmu-borgir,Dimanche 30 juin,23:00 - 00:00,TEMPLE
dismember,Samedi 29 juin,23:55 - 00:55,ALTAR
dolch,Jeudi 27 juin,18:45 - 19:35,TEMPLE
dool,Dimanche 30 juin,12:50 - 13:30,VALLEY
dropkick-murphys,Vendredi 28 juin,01:05 - 02:05,MAINSTAGE 2
dropout-kings,Vendredi 28 juin,13:35 - 14:15,WARZONE
drug-church,Dimanche 30 juin,15:10 - 15:55,WARZONE
eight-sins,Vendredi 28 juin,11:05 - 11:35,WARZONE
eihwar,Samedi 29 juin,11:05 - 11:35,TEMPLE
einar-solberg,Vendredi 28 juin,17:45 - 18:35,ALTAR
eivor,Dimanche 30 juin,01:00 - 02:00,TEMPLE
emperor,Vendredi 28 juin,22:50 - 23:50,TEMPLE
enter-shikari,Vendredi 28 juin,01:05 - 02:05,WARZONE
ereb-altor,Vendredi 28 juin,15:10 - 15:55,TEMPLE
eternal-champion,Samedi 29 juin,12:50 - 13:30,MAINSTAGE 2
extreme,Samedi 29 juin,18:30 - 19:30,MAINSTAGE 1
fallen-lillies,Samedi 29 juin,11:05 - 11:35,WARZONE
fear-factory,Vendredi 28 juin,16:40 - 17:30,MAINSTAGE 1
foo-fighters,Dimanche 30 juin,22:00 - 00:00,MAINSTAGE 1
frank-carter-the-rattlesnakes,Dimanche 30 juin,16:25 - 17:15,MAINSTAGE 2
fu-manchu,Vendredi 28 juin,23:55 - 00:55,VALLEY
gel,Dimanche 30 juin,12:15 - 12:45,WARZONE
gozu,Vendredi 28 juin,12:50 - 13:30,VALLEY
graveyard,Jeudi 27 juin,21:50 - 22:50,VALLEY
green-lung,Jeudi 27 juin,19:40 - 20:40,VALLEY
harms-way,Vendredi 28 juin,18:40 - 19:30,WARZONE
heart,Dimanche 30 juin,15:30 - 16:20,MAINSTAGE 1
heriot,Dimanche 30 juin,11:40 - 12:10,VALLEY
high-on-fire,Dimanche 30 juin,12:25 - 13:05,MAINSTAGE 1
high-vis,Dimanche 30 juin,18:40 - 19:40,WARZONE
hot-milk,Dimanche 30 juin,11:40 - 12:20,MAINSTAGE 2
houle,Vendredi 28 juin,11:05 - 11:35,TEMPLE
hrafngrimr,Samedi 29 juin,13:35 - 14:15,TEMPLE
i-am-morbid,Dimanche 30 juin,21:55 - 22:55,ALTAR
ice-nine-kills,Jeudi 27 juin,18:45 - 19:25,MAINSTAGE 2
immolation,Jeudi 27 juin,18:00 - 18:40,ALTAR
imperial-crystalline-entombment,Vendredi 28 juin,12:15 - 12:45,TEMPLE
julie-christmas,Samedi 29 juin,23:55 - 00:55,VALLEY
kanonenfieber,Vendredi 28 juin,18:40 - 19:30,TEMPLE
karma-zero,Vendredi 28 juin,10:30 - 11:00,ALTAR
karnivool,Vendredi 28 juin,15:05 - 15:45,MAINSTAGE 1
kataklysm,Samedi 29 juin,19:35 - 20:35,ALTAR
kerry-king,Jeudi 27 juin,19:30 - 20:20,MAINSTAGE 1
khemmis,Jeudi 27 juin,18:00 - 18:40,VALLEY
klone,Vendredi 28 juin,16:00 - 16:45,ALTAR
komodrag-the-mounodor,Jeudi 27 juin,16:30 - 17:10,VALLEY
konvent,Samedi 29 juin,11:40 - 12:10,VALLEY
korpiklaani,Samedi 29 juin,22:50 - 23:50,TEMPLE
kronos,Samedi 29 juin,12:50 - 13:30,ALTAR
kvelertak,Samedi 29 juin,17:45 - 18:35,VALLEY
legion-of-the-damned,Samedi 29 juin,16:00 - 16:45,ALTAR
lofofora,Vendredi 28 juin,15:50 - 16:35,MAINSTAGE 2
lovebites,Vendredi 28 juin,12:15 - 12:45,MAINSTAGE 1
machine-head,Vendredi 28 juin,23:15 - 00:45,MAINSTAGE 1
madball,Dimanche 30 juin,20:50 - 21:50,WARZONE
mammoth-wvh,Samedi 29 juin,16:50 - 17:35,MAINSTAGE 1
mass-hysteria,Samedi 29 juin,20:35 - 21:35,MAINSTAGE 1
megadeth,Jeudi 27 juin,21:20 - 22:20,MAINSTAGE 1
metallica,Samedi 29 juin,22:45 - 01:00,MAINSTAGE 1
mork,Vendredi 28 juin,16:50 - 17:40,TEMPLE
morne,Jeudi 27 juin,17:15 - 17:55,TEMPLE
mr-bungle,Samedi 29 juin,21:45 - 22:45,VALLEY
nakkeknaekker,Samedi 29 juin,10:30 - 11:00,ALTAR
ne-obliviscaris,Vendredi 28 juin,19:35 - 20:35,ALTAR
nebula,Vendredi 28 juin,16:00 - 16:45,VALLEY
neck-deep,Dimanche 30 juin,13:10 - 13:50,MAINSTAGE 2
nekromantix,Samedi 29 juin,20:40 - 21:40,WARZONE
nile,Samedi 29 juin,21:45 - 22:45,ALTAR
nova-twins,Dimanche 30 juin,13:55 - 14:35,MAINSTAGE 1
orden-ogan,Vendredi 28 juin,13:35 - 14:15,MAINSTAGE 1
oxbow,Samedi 29 juin,14:20 - 15:05,VALLEY
pain-of-salvation,Vendredi 28 juin,23:55 - 00:55,ALTAR
pencey-sloe,Dimanche 30 juin,10:30 - 11:00,VALLEY
pensees-nocturnes,Dimanche 30 juin,12:15 - 12:45,TEMPLE
planet-of-zeus,Vendredi 28 juin,17:45 - 18:35,VALLEY
polyphia,Vendredi 28 juin,18:35 - 19:35,MAINSTAGE 1
queens-of-the-stone-age,Dimanche 30 juin,19:25 - 20:40,MAINSTAGE 1
red-sun-atacama,Vendredi 28 juin,10:30 - 11:00,VALLEY
rendez-vous,Dimanche 30 juin,14:20 - 15:05,VALLEY
rhapsody-of-fire,Samedi 29 juin,14:20 - 15:05,MAINSTAGE 2
rival-sons,Dimanche 30 juin,21:55 - 22:55,VALLEY
royal-blood,Dimanche 30 juin,17:20 - 18:15,MAINSTAGE 1
saint-agnes,Vendredi 28 juin,10:30 - 11:00,MAINSTAGE 2
sang-froid,Dimanche 30 juin,11:05 - 11:35,TEMPLE
sanguisugabogg,Samedi 29 juin,14:20 - 15:05,ALTAR
satyricon,Vendredi 28 juin,20:40 - 21:40,TEMPLE
savage-lands,Vendredi 28 juin,17:35 - 18:30,MAINSTAGE 2
saxon,Dimanche 30 juin,01:05 - 02:05,MAINSTAGE 2
scowl,Dimanche 30 juin,13:35 - 14:15,WARZONE
shadow-of-intent,Dimanche 30 juin,16:00 - 16:45,ALTAR
shaka-ponk,Vendredi 28 juin,22:00 - 23:10,MAINSTAGE 2
shining,Jeudi 27 juin,22:55 - 23:55,TEMPLE
shores-of-null,Vendredi 28 juin,13:35 - 14:15,TEMPLE
show-me-the-body,Dimanche 30 juin,16:50 - 17:40,WARZONE
simple-plan,Dimanche 30 juin,14:40 - 15:25,MAINSTAGE 2
skalmold,Samedi 29 juin,16:50 - 17:40,TEMPLE
skyclad,Samedi 29 juin,20:40 - 21:40,TEMPLE
slaughter-to-prevail,Jeudi 27 juin,18:00 - 18:40,MAINSTAGE 1
smash-hit-combo,vendredi,12:15 - 12:45,WARZONE
sodom,Vendredi 28 juin,00:00 - 01:00,ALTAR
solitaris,Vendredi 28 juin,11:40 - 12:10,ALTAR
sorcerer,Dimanche 30 juin,11:05 - 11:35,WARZONE
speed,Vendredi 28 juin,15:10 - 15:55,WARZONE
spotlights,Samedi 29 juin,12:50 - 13:30,VALLEY
steel-panther,Vendredi 28 juin,19:40 - 20:40,MAINSTAGE 2
stinky,Vendredi 28 juin,16:50 - 17:40,WARZONE
stratovarius,Samedi 29 juin,16:00 - 16:45,MAINSTAGE 2
suffocation,Dimanche 30 juin,19:45 - 20:45,ALTAR
suicidal-tendencies,Dimanche 30 juin,01:00 - 02:00,WARZONE
sumerlands,Samedi 29 juin,11:40 - 12:10,MAINSTAGE 2
sylvaine,Jeudi 27 juin,20:45 - 21:45,TEMPLE
textures,Vendredi 28 juin,14:20 - 15:05,ALTAR
the-acacia-strain,Vendredi 28 juin,12:50 - 13:30,ALTAR
the-black-dahlia-murder,Dimanche 30 juin,17:45 - 18:35,ALTAR
the-casualties,Samedi 29 juin,15:10 - 15:55,WARZONE
the-dead-krazukies,Samedi 29 juin,12:15 - 12:45,WARZONE
the-devils-trade,Vendredi 28 juin,11:40 - 12:10,VALLEY
the-haunted,Samedi 29 juin,17:45 - 18:35,ALTAR
the-interrupters,Samedi 29 juin,22:50 - 23:50,WARZONE
the-offspring,Dimanche 30 juin,20:45 - 21:55,MAINSTAGE 2
the-prodigy,Samedi 29 juin,00:50 - 02:00,MAINSTAGE 2
therapy,Dimanche 30 juin,16:00 - 16:45,VALLEY
thron,Dimanche 30 juin,13:35 - 14:15,TEMPLE
thrown,Jeudi 27 juin,17:15 - 17:55,WARZONE
thursday,Jeudi 27 juin,22:55 - 23:55,WARZONE
tiamat,Dimanche 30 juin,20:50 - 21:50,TEMPLE
tom-morello,Vendredi 28 juin,20:45 - 21:55,MAINSTAGE 1
total-chaos,Samedi 29 juin,13:35 - 14:15,WARZONE
uuhai,Samedi 29 juin,12:15 - 12:45,TEMPLE
wargasm,Vendredi 28 juin,12:50 - 13:30,MAINSTAGE 2
wayfarer,Samedi 29 juin,15:10 - 15:55,TEMPLE
while-she-sleeps,Vendredi 28 juin,14:20 - 15:00,MAINSTAGE 2
wiegedood,Dimanche 30 juin,16:50 - 17:40,TEMPLE
witch,Vendredi 28 juin,21:45 - 22:45,VALLEY
wormrot,Jeudi 27 juin,16:30 - 17:10,ALTAR
yngwie-malmsteen,Samedi 29 juin,17:40 - 18:25,MAINSTAGE 2
yoth-iria,Dimanche 30 juin,15:10 - 15:55,TEMPLE
